epoch,time,train/box_loss,train/cls_loss,train/dfl_loss,metrics/precision(B),metrics/recall(B),metrics/mAP50(B),metrics/mAP50-95(B),val/box_loss,val/cls_loss,val/dfl_loss,lr/pg0,lr/pg1,lr/pg2
1,32.1642,1.43858,3.41562,1.02077,0.00184,0.94643,0.04027,0.01603,0.84735,47.5663,0.60611,0.000653061,0.000653061,0.000653061
2,56.6429,1.42465,2.29567,1.07008,1,0.35506,0.81989,0.561,0.79245,25.7671,0.6269,0.0012936,0.0012936,0.0012936
3,82.1198,1.36466,1.81343,1.01859,0.7871,0.76786,0.89314,0.49877,0.90794,28,0.69113,0.00190773,0.00190773,0.00190773
4,108.046,1.40688,1.56007,1.05756,1,0.08294,0.12319,0.07729,1.50755,13.259,1.19352,0.0018812,0.0018812,0.0018812
5,133.97,1.36251,1.26837,1.05157,0.90279,0.94643,0.97211,0.62208,0.75806,12.0157,0.61172,0.0018416,0.0018416,0.0018416
6,161.281,1.32774,1.15943,1.02311,0.83627,0.91071,0.95494,0.66693,0.75424,11.3885,0.60462,0.001802,0.001802,0.001802
7,185.968,1.28462,1.02251,1.01966,0.94884,0.9936,0.97141,0.68633,0.71284,7.51964,0.60792,0.0017624,0.0017624,0.0017624
8,212.713,1.2932,0.9537,1.02465,0.94827,0.98207,0.97131,0.67081,0.70852,5.50009,0.59866,0.0017228,0.0017228,0.0017228
9,238.627,1.19267,0.82662,0.99384,0.93254,1,0.98632,0.69935,0.68108,5.48588,0.59023,0.0016832,0.0016832,0.0016832
10,263.482,1.16862,0.82378,0.98494,0.94577,1,0.98772,0.54678,0.9804,5.81358,0.66858,0.0016436,0.0016436,0.0016436
11,288.532,1.17061,0.78114,0.96554,0.95346,0.98214,0.97126,0.7034,0.67602,5.47418,0.57641,0.001604,0.001604,0.001604
12,314.541,1.15632,0.80376,1.00431,0.93302,0.99507,0.9753,0.72884,0.59545,3.20927,0.58654,0.0015644,0.0015644,0.0015644
13,339.34,1.15903,0.76472,0.99276,0.94886,0.96429,0.98511,0.71222,0.64306,3.21934,0.58122,0.0015248,0.0015248,0.0015248
14,364.396,1.08799,0.72123,0.98382,0.94617,0.98214,0.97812,0.66295,0.73042,3.31513,0.59776,0.0014852,0.0014852,0.0014852
15,390.009,1.12633,0.71679,0.97681,0.94897,0.99634,0.97645,0.67631,0.7091,5.94038,0.59444,0.0014456,0.0014456,0.0014456
16,414.895,1.04943,0.67868,0.94061,0.91394,1,0.98775,0.69733,0.6555,3.092,0.57792,0.001406,0.001406,0.001406
17,439.789,1.06925,0.68532,0.94422,0.96523,0.99139,0.98861,0.71145,0.62662,2.73551,0.57578,0.0013664,0.0013664,0.0013664
18,465.93,1.05436,0.66684,0.93618,0.93316,0.99726,0.97872,0.75358,0.5364,2.87624,0.57254,0.0013268,0.0013268,0.0013268
19,491.744,1.05502,0.66292,0.93913,0.95864,0.96429,0.97686,0.68285,0.71169,3.86215,0.61903,0.0012872,0.0012872,0.0012872
20,516.517,1.03153,0.67404,0.9387,0.94718,1,0.98984,0.70138,0.66725,2.36149,0.59347,0.0012476,0.0012476,0.0012476
21,542.94,1.01668,0.63811,0.94224,0.96153,1,0.98886,0.69674,0.67755,2.89716,0.57717,0.001208,0.001208,0.001208
22,568.899,0.97381,0.61754,0.93535,0.95803,1,0.98038,0.74185,0.547,3.67216,0.55103,0.0011684,0.0011684,0.0011684
23,592.967,1.03713,0.63491,0.95402,0.96365,1,0.99073,0.75645,0.55933,2.11328,0.5752,0.0011288,0.0011288,0.0011288
24,620.108,1.03453,0.64636,0.9458,0.96414,1,0.99106,0.71402,0.67394,2.29769,0.5795,0.0010892,0.0010892,0.0010892
25,646.798,0.94693,0.60272,0.9242,0.96449,0.97012,0.98963,0.75682,0.57412,1.89805,0.56365,0.0010496,0.0010496,0.0010496
26,672.716,0.9512,0.59067,0.92692,0.94116,0.98214,0.98607,0.78369,0.52398,2.26738,0.55467,0.00101,0.00101,0.00101
27,698.737,0.93552,0.57674,0.93358,0.96353,1,0.98626,0.74427,0.58099,2.17441,0.57327,0.0009704,0.0009704,0.0009704
28,725.14,0.9152,0.57041,0.91947,0.9594,1,0.98897,0.72068,0.66258,2.07106,0.5762,0.0009308,0.0009308,0.0009308
29,751.293,0.88777,0.55644,0.90411,0.93067,1,0.98717,0.77658,0.52514,1.98993,0.55066,0.0008912,0.0008912,0.0008912
30,775.858,0.91972,0.56532,0.92487,0.93655,1,0.97928,0.78243,0.4993,2.6435,0.55285,0.0008516,0.0008516,0.0008516
31,802.052,0.90182,0.56121,0.91893,0.94465,0.98214,0.98557,0.78117,0.48898,1.83781,0.54781,0.000812,0.000812,0.000812
32,828.063,0.88399,0.55898,0.92146,0.95708,1,0.98626,0.73558,0.57365,2.0475,0.55056,0.0007724,0.0007724,0.0007724
33,852.493,0.90161,0.5358,0.92125,0.96206,1,0.98698,0.78467,0.51197,1.95288,0.54908,0.0007328,0.0007328,0.0007328
34,879.058,0.88945,0.54295,0.9173,0.96383,0.98214,0.99327,0.80035,0.50707,1.24752,0.55068,0.0006932,0.0006932,0.0006932
35,905.934,0.86146,0.53483,0.89536,0.96153,1,0.98825,0.77515,0.51271,1.9502,0.54113,0.0006536,0.0006536,0.0006536
36,931.954,0.86455,0.54069,0.89831,0.96168,1,0.9884,0.76341,0.53144,2.08727,0.5589,0.000614,0.000614,0.000614
37,956.812,0.82057,0.51341,0.89395,0.96464,1,0.99358,0.80808,0.48063,1.07752,0.54831,0.0005744,0.0005744,0.0005744
38,983.968,0.83613,0.51477,0.90256,0.96263,1,0.99077,0.82138,0.43972,1.34153,0.54845,0.0005348,0.0005348,0.0005348
39,1010.44,0.83344,0.52192,0.89758,0.97941,1,0.99482,0.7916,0.50226,0.62404,0.55204,0.0004952,0.0004952,0.0004952
40,1035.13,0.80045,0.4955,0.90682,0.98237,0.99495,0.99482,0.77543,0.51075,0.74101,0.5494,0.0004556,0.0004556,0.0004556
41,1062.86,0.7673,0.4997,0.8767,0.97985,1,0.99289,0.78695,0.51511,0.69906,0.55012,0.000416,0.000416,0.000416
42,1089.41,0.75117,0.486,0.87277,0.97771,1,0.99219,0.78021,0.52656,0.92863,0.55243,0.0003764,0.0003764,0.0003764
43,1115.29,0.7446,0.48014,0.88364,0.97654,1,0.99325,0.81435,0.45683,0.84561,0.54766,0.0003368,0.0003368,0.0003368
44,1139.64,0.75597,0.46444,0.86861,0.97846,0.98214,0.99217,0.78712,0.49408,0.72401,0.55453,0.0002972,0.0002972,0.0002972
45,1165.49,0.70928,0.459,0.85189,0.97587,0.98214,0.99129,0.81544,0.46641,0.96667,0.54078,0.0002576,0.0002576,0.0002576
46,1191.28,0.70815,0.46131,0.85923,0.97796,0.98214,0.99207,0.80475,0.45907,0.72808,0.53849,0.000218,0.000218,0.000218
47,1215.35,0.70725,0.45256,0.86739,0.97832,0.98214,0.99217,0.81146,0.46507,0.58472,0.53379,0.0001784,0.0001784,0.0001784
48,1240.83,0.68323,0.42433,0.85721,0.97874,0.98214,0.99192,0.83081,0.43773,0.61333,0.53023,0.0001388,0.0001388,0.0001388
49,1267.21,0.71087,0.4386,0.86132,0.97844,0.98214,0.99179,0.82322,0.45485,0.74386,0.53209,9.92e-05,9.92e-05,9.92e-05
50,1291.01,0.66111,0.41043,0.85753,0.97935,0.98214,0.99269,0.82508,0.43579,0.56711,0.53575,5.96e-05,5.96e-05,5.96e-05
